{"cameraMode":{"drawMode":0,"name":"Shaded","section":"Shading Mode"},"sceneLighting":false,"audioPlay":false,"sceneViewState":{"showFog":true,"showMaterialUpdate":false,"showSkybox":false,"showFlares":true,"showImageEffects":true,"showParticleSystems":true},"in2DMode":false,"pivot":{"x":-8.413551330566407,"y":-0.1851181983947754,"z":0.7990295886993408},"rotation":{"x":0.11649888008832932,"y":-0.6536030769348145,"z":0.10279736667871475,"w":0.7407196760177612},"size":2.8578836917877199,"orthographic":false}