{"cameraMode":{"drawMode":0,"name":"Shaded","section":"Shading Mode"},"sceneLighting":false,"audioPlay":false,"sceneViewState":{"showFog":true,"showMaterialUpdate":false,"showSkybox":false,"showFlares":true,"showImageEffects":true,"showParticleSystems":true},"in2DMode":false,"pivot":{"x":-3.1799840927124025,"y":2.078869342803955,"z":0.3455393314361572},"rotation":{"x":-0.022807607427239419,"y":0.0020962744019925596,"z":-0.000047580721002304927,"w":-0.9997380375862122},"size":2.114933967590332,"orthographic":false}